package,label
lodash,0
webpack,0
typescript,0
express,0
axios,0
vue,0
chalk,0
semver,0
react,0
react-dom,0
next,0
rimraf,0
rxjs,0
dotenv,0
zod,0
vite,0
rollup,0
eslint,0
prettier,0
jest,0
nodemon,0
core-js,0
mysql2,0
pg,0
redis,0
ioredis,0
ws,0
helmet,0
jsonwebtoken,0
bcrypt,0
winston,0
date-fns,0
luxon,0
nanoid,0
glob,0
execa,0
fastify,0
koa,0
underscore,0
ramda,0
redux,0
tar,0
yaml,0
mime-types,0
qs,0
cookie-parser,0
compression,0
http-errors,0
debug,0
ms,0
picocolors,0
postcss,0
autoprefixer,0
tailwindcss,0
styled-components,0
framer-motion,0
three,0
socket.io,0
mongoose,0
prisma,0
@babel/core,0
@reduxjs/toolkit,0
react-scripts,0
left-pad,0
is-even,0
colors,0
minimist,0
uuid,0
